{"cameraMode":{"drawMode":0,"name":"Shaded","section":"Shading Mode"},"sceneLighting":true,"audioPlay":false,"sceneViewState":{"m_AlwaysRefresh":false,"showFog":true,"showSkybox":true,"showFlares":true,"showImageEffects":true,"showParticleSystems":true,"showVisualEffectGraphs":true,"m_FxEnabled":true},"in2DMode":false,"pivot":{"x":-148.29782104492188,"y":-171.72169494628907,"z":296.93109130859377},"rotation":{"x":0.2191060334444046,"y":-0.14716719090938569,"z":0.03345378860831261,"w":0.9639610648155212},"size":403.70562744140627,"orthographic":false}